<PAPER>
  <S sid="0">References To Named Entities: A Corpus Study</S>
  <ABSTRACT>
    <S sid="1" ssid="1">References included in multi-document summaries are often problematic.</S>
    <S sid="2" ssid="2">In this paper, we present a corpus study performed to derive a statistical model for the syntactic realization of referential expressions.</S>
    <S sid="3" ssid="3">The interpretation of the probabilistic data helps us gain insight on how extractive summaries can be rewritten in an efficient manner to produce more fluent and easy-to-read text.</S>
  </ABSTRACT>
  <SECTION title="1 Introduction" number="1">
    <S sid="4" ssid="1">Automatically generated summaries, and particularly multi-document summaries, suffer from lack of coherence One explanation is that the most widespread summarization strategy is still sentence extraction, where sentences are extracted word for word from the original documents and are strung together to form a summary.</S>
    <S sid="5" ssid="2">Syntactic form and its influence on summary coherence have not been taken into account in the implementation of a full-fledged summarizer, except in the preliminary work of (Schiffman et al., 2002).</S>
    <S sid="6" ssid="3">Here we conduct a corpus study focusing on identifying the syntactic properties of first and subsequent mentions of people in newswire text (e.g., &#8220;Chief Petty Officer Luis Diaz of the U.S. Coast Guard in Miami&#8221; followed by &#8220;Diaz&#8221;).</S>
    <S sid="7" ssid="4">The resulting statistical model of the flow of referential expressions suggest a set of rewrite rules that can transform the summary back to a more coherent and readable text.</S>
    <S sid="8" ssid="5">In the following sections, we first describe the corpus that we used and then the statistical model that we developed.</S>
    <S sid="9" ssid="6">It is based on Markov chains and captures how subsequent mentions are conditioned by earlier mentions.</S>
    <S sid="10" ssid="7">We close with discussion of our evaluation, which measures how well the highest probability path in the model can be used to regenerate the sequence of references.</S>
  </SECTION>
  <SECTION title="2 The Corpus" number="2">
    <S sid="11" ssid="1">We used a corpus of news stories, containing 651,000 words drawn from six different newswire agencies, in order to study the syntactic form of noun phrases in which references to people have been realized.</S>
    <S sid="12" ssid="2">We were interested in the occurrence of features such as type and number of premodifiers, presence and type of postmodifiers, and form of name reference for people.</S>
    <S sid="13" ssid="3">We constructed a large, automatically annotated corpus by merging the output of Charniak&#8217;s statistical parser (Charniak, 2000) with that of the IBM named entity recognition system Nominator (Wacholder et al., 1997).</S>
    <S sid="14" ssid="4">The corpus contains 6240 references.</S>
    <S sid="15" ssid="5">In this section, we describe the features that were annotated.</S>
    <S sid="16" ssid="6">Given our focus on references to mentions of people, there are two distinct types of premodifiers, &#8220;titles&#8221; and &#8220;name-external modifiers&#8221;.</S>
    <S sid="17" ssid="7">The titles are capitalized noun premodifiers that conventionally are recognized as part of the name, such as &#8220;president&#8221; in &#8220;President George W. Bush&#8221;.</S>
    <S sid="18" ssid="8">Name-external premodifiers are modifiers that do not constitute part of the name, such as &#8220;Irish flutist&#8221; in &#8220;Irish flutist James Galway&#8221;.</S>
    <S sid="19" ssid="9">The three major categories of postmodification that we distinguish are apposition, prepositional phrase modification and relative clause.</S>
    <S sid="20" ssid="10">All other postmodifications, such as remarks in parenthesis and verb-initial modifications are lumped in a category &#8220;others&#8221;.</S>
    <S sid="21" ssid="11">There are three categories of names corresponding to the general European and American name structure.</S>
    <S sid="22" ssid="12">They include full name (first+(middle initial)+last), last name only, and nickname (first or nickname).</S>
    <S sid="23" ssid="13">In sum, the target NP features that we examined were: Is the target named entity the head of the phrase or not?</S>
    <S sid="24" ssid="14">Is it in a possessive construction or not?</S>
    <S sid="25" ssid="15">If it is the head, what kind of pre- and post- modification does it have?</S>
    <S sid="26" ssid="16">How was the name itself realized in the NP?</S>
    <S sid="27" ssid="17">In order to identify the appropriate sequences of syntactic forms in coreferring noun phrases, we analyze the coreference chains for each entity mentioned in the text.</S>
    <S sid="28" ssid="18">A coreference chain consists of all the mentions of an entity within a document.</S>
    <S sid="29" ssid="19">In a manually built corpus, a coreference chain can include pronouns and common nouns that refer to the person.</S>
    <S sid="30" ssid="20">However, these forms could not be automatically identified, so coreference chains in our corpus only include noun phrases that contain at least one word from the name.</S>
    <S sid="31" ssid="21">There were 3548 coreference chains in the corpus.</S>
  </SECTION>
  <SECTION title="3 A Markov Chain Model" number="3">
    <S sid="32" ssid="1">The initial examination of the data showed that syntactic forms in coreference chains can be effectively modeled by Markov chains.</S>
    <S sid="33" ssid="2">Let be random variables taking values in I.</S>
    <S sid="34" ssid="3">We say that is a Markov chain with initial distribution and transition matrix if has distribution for , conditional on ,has distribution (&#10019; ) and is independent of .</S>
    <S sid="35" ssid="4">These properties have very visible counterparts in the behavior of coreference chains.</S>
    <S sid="36" ssid="5">The first mention of an entity does have a very special status and its appropriate choice makes text more readable.</S>
    <S sid="37" ssid="6">Thus, the initial distribution of a Markov chain would correspond to the probability of choosing a specific syntactic realization for the first mention of a person in the text.</S>
    <S sid="38" ssid="7">For each subsequent mention, the model assumes that only the form of the immediately preceding mention determines its form.</S>
    <S sid="39" ssid="8">Moreover, the Markov chain model is more informative than other possible approaches to modelling the same phenomena (Nenkova and McKeown, 2003). first row gives the initial distribution vector. gives the probability of going from form to form . full name last name nickname initial 0.97 0.02 0.01 full name 0.20 0.75 0.05 last name 0.06 0.91 0.02 nickname 0.24 0.22 0.53</S>
  </SECTION>
  <SECTION title="4 Model Interpretation" number="4">
    <S sid="40" ssid="1">The number of possible syntactic forms, which corresponds to the possible combination of features, is large, around 160.</S>
    <S sid="41" ssid="2">Because of this, it is not easy to interpret the results if they are taken in their full form.</S>
    <S sid="42" ssid="3">We now show information for one feature at a time so that the tendencies can become clearer.</S>
    <S sid="43" ssid="4">A first mention is very likely to be modified in some way (probability of 0.76, Figure 1), but it is highly unlikely that it will be both pre- and postmodified (probability of 0.17).</S>
    <S sid="44" ssid="5">The Markov model predicts that at each next mention, modification can be either used or not, but once a non-modified form is chosen, the subsequent realizations will most likely not use modification any more.</S>
    <S sid="45" ssid="6">From the Markov chain that models the form of names (Figure 2) we can see that first name or nickname mentions are very unlikely.</S>
    <S sid="46" ssid="7">But it also predicts that if such a reference is once chosen, it will most likely continue to be used as a form of reference.</S>
    <S sid="47" ssid="8">This is intuitively very appealing as it models cases where journalists call celebrities by their first name (e.g., &#8220;Britney&#8221; or &#8220;Lady Diana&#8221; are often repeatedly used within the same article).</S>
    <S sid="48" ssid="9">Prepositional, relative clause and &#8220;other&#8221; modifications appear with equal extremely low probability (in the range 0.01&#8211;0.04) after any possible previous mention realization.</S>
    <S sid="49" ssid="10">Thus the syntactic structure of the previous mention cannot be used as a predictor of the appearance of any of these kinds of modifications, so for the task of rewriting references they should not be considered in any way but as &#8220;blockers&#8221; of further modification.</S>
    <S sid="50" ssid="11">The only type of postmodification with significantly high probability of 0.25 is apposition at the first mention.</S>
    <S sid="51" ssid="12">Figure 3 shows the probabilities for transitions between NPs with a different number of premodifiers.</S>
    <S sid="52" ssid="13">The mass above the diagonal is almost zero, showing that each subsequent mention has fewer premodifiers than the previous.</S>
    <S sid="53" ssid="14">There are exceptions which are not surprising; for example, a mention with one modifier is usually followed by a mention with one modifier (probability 0.5) accounting for title modifiers such as &#8220;Mr.&#8221; and &#8220;Mrs.&#8221;.</S>
  </SECTION>
  <SECTION title="5 Rewrite Rules" number="5">
    <S sid="54" ssid="1">The Markov chain model derived in the manner described above helps us understand what a typical text looks like.</S>
    <S sid="55" ssid="2">The Markov chain transitions give us defeasible preferences that are true for the average text.</S>
    <S sid="56" ssid="3">Human writers seek more style, so even statistically highly unlikely realizations can be used by a human writer.</S>
    <S sid="57" ssid="4">For example, even a first mention with a pronoun can be felicitous at times.</S>
    <S sid="58" ssid="5">The fact that we were seeking preferences rather than rules allows us to take advantage of the sometimes inaccurate automatically derived corpus.</S>
    <S sid="59" ssid="6">There have inevitably been parser errors or mistakes in Nominator&#8217;s output, but these can be ignored since, given the large amount of data, the general preferences in realization could be captured even from imperfect data.</S>
    <S sid="60" ssid="7">We developed a set of rewrite rules that realize the highest probability paths in the Markov chains for name form and modification.</S>
    <S sid="61" ssid="8">In the cases where the name serves as a head of the NP it appears in, the highest probability paths suggest the following: name realization: use full name at the first mention and last name only at subsequent mentions.</S>
    <S sid="62" ssid="9">The probability of such sequence of transitions is 0.66, compared with 0.01 for last name&#8212;full name&#8212;last name for example. modification: the first mention is modified and subsequent mentions are not.</S>
    <S sid="63" ssid="10">As for the type of modification&#8212;premodifiers are preferred and in case they cannot be realized, apposition is used.</S>
    <S sid="64" ssid="11">Appositions and premodifiers are removed from any subsequent mention.</S>
    <S sid="65" ssid="12">The required type of NP realization is currently achived by extracting NPs from the original input documents.</S>
  </SECTION>
  <SECTION title="6 Evaluation" number="6">
    <S sid="66" ssid="1">The rules were used to rewrite 11 summaries produced by the Columbia University summarizer.</S>
    <S sid="67" ssid="2">Four human judges were then given the pairs of the original summary and its rewritten variant (Figure 4).</S>
    <S sid="68" ssid="3">They were asked to decide if they prefer one text over the other or if they are equal.</S>
    <S sid="69" ssid="4">The majority preference was always for the rewritten version and it could be reached in all but one case, where two of the judges preferred the rewritten version and two, the original.</S>
    <S sid="70" ssid="5">The distribution of the 44 individual preferences for a rewritten or original summary were 89% for the rewrite version, 9% for the original version and 2% no preference for a version.</S>
    <S sid="71" ssid="6">The rewrite module is currently implemented and it runs daily as part of the Columbia Newsblaster summarization system that can be found online at http://newsblaster.cs.columbia.edu.</S>
    <S sid="72" ssid="7">Presidential advisers do not blame O&#8217;Neill, but they&#8217;ve long recognized that a shakeup of the economic team would help indicate Bush was doing everything he could to improve matters.</S>
    <S sid="73" ssid="8">U.S. President George W. Bush pushed out Treasury Secretary Paul O&#8217;Neill and top economic adviser Lawrence Lindsey on Friday, launching the first shake - up of his administration to tackle the ailing economy before the 2004 election campaign.</S>
    <S sid="74" ssid="9">Presidential advisers do not blame Threasury Secretary Paul O&#8217;Neill, but they&#8217;ve long recognized that a shakeup of the economic team would help indicate U.S. President George W. Bush was doing everything he could to improve matters.</S>
    <S sid="75" ssid="10">Bush pushed out O&#8217;Neill and White House economic adviser Lawrence Lindsey on Friday, launching the first shake-up of his administration to tackle the ailing economy before the 2004 election campaign.</S>
  </SECTION>
  <SECTION title="7 Conclusion and Future work" number="7">
    <S sid="76" ssid="1">As has been seen, a major improvement of summary readability can be achieved by using the simple set of rewrite rules that realize the highest probability path in the derived Markov model.</S>
    <S sid="77" ssid="2">One possible usage of the model which is not discussed in the paper but is the focus of current and ongoing work, is to generate realizations &#8220;on demand&#8221;.</S>
    <S sid="78" ssid="3">Referring expressions can be generated by recombining different pieces of the input rather than the currently used extraction of full NPs.</S>
    <S sid="79" ssid="4">This approach will make better use of the Markov model, but it also requires work towards deeper semantic processing of the input.</S>
    <S sid="80" ssid="5">Semantic information is needed in order to prevent the combination of almost synonymous premodifiers in the same NP and also for the identification of properties that are more central for the enity with respect to the focus of the input cluster.</S>
  </SECTION>
</PAPER>
