<PAPER>
  <S sid="0">Chart Mining-based Lexical Acquisition with Precision Grammars</S>
  <ABSTRACT>
    <S sid="1" ssid="1">In this paper, we present an innovative chart mining technique for improving parse coverage based on partial parse outputs from precision grammars.</S>
    <S sid="2" ssid="2">The general approach of mining features from partial analyses is applicable to a range of lexical acquisition tasks, and is particularly suited to domain-specific lexical tuning and lexical acquisition using lowcoverage grammars.</S>
    <S sid="3" ssid="3">As an illustration of the functionality of our proposed technique, we develop a lexical acquisition model for English verb particle constructions which operates over unlexicalised features mined from a partial parsing chart.</S>
    <S sid="4" ssid="4">The proposed technique is shown to outperform a state-of-the-art parser over the target task, despite being based on relatively simplistic features.</S>
  </ABSTRACT>
  <SECTION title="1 Introduction" number="1">
    <S sid="5" ssid="1">Parsing with precision grammars is increasingly achieving broad coverage over open-domain texts for a range of constraint-based frameworks (e.g., TAG, LFG, HPSG and CCG), and is being used in real-world applications including information extraction, question answering, grammar checking and machine translation (Uszkoreit, 2002; Oepen et al., 2004; Frank et al., 2006; Zhang and Kordoni, 2008; MacKinlay et al., 2009).</S>
    <S sid="6" ssid="2">In this context, a &#8220;precision grammar&#8221; is a grammar which has been engineered to model grammaticality, and contrasts with a treebank-induced grammar, for example.</S>
    <S sid="7" ssid="3">Inevitably, however, such applications demand complete parsing outputs, based on the assumption that the text under investigation will be completely analysable by the grammar.</S>
    <S sid="8" ssid="4">As precision grammars generally make strong assumptions about complete lexical coverage and grammaticality of the input, their utility is limited over noisy or domain-specific data.</S>
    <S sid="9" ssid="5">This lack of complete coverage can make parsing with precision grammars less attractive than parsing with shallower methods.</S>
    <S sid="10" ssid="6">One technique that has been successfully applied to improve parser and grammar coverage over a given corpus is error mining (van Noord, 2004; de Kok et al., 2009), whereby n-grams with low &#8220;parsability&#8221; are gathered from the large-scale output of a parser as an indication of parser or (precision) grammar errors.</S>
    <S sid="11" ssid="7">However, error mining is very much oriented towards grammar engineering: its results are a mixture of different (mistreated) linguistic phenomena together with engineering errors for the grammar engineer to work through and act upon.</S>
    <S sid="12" ssid="8">Additionally, it generally does not provide any insight into the cause of the parser failure, and it is difficult to identify specific language phenomena from the output.</S>
    <S sid="13" ssid="9">In this paper, we instead propose a chart mining technique that works on intermediate parsing results from a parsing chart.</S>
    <S sid="14" ssid="10">In essence, the method analyses the validity of different analyses for words or constructions based on the &#8220;lifetime&#8221; and probability of each within the chart, combining the constraints of the grammar with probabilities to evaluate the plausibility of each.</S>
    <S sid="15" ssid="11">For purposes of exemplification of the proposed technique, we apply chart mining to a deep lexical acquisition (DLA) task, using a maximum entropybased prediction model trained over a seed lexicon and treebank.</S>
    <S sid="16" ssid="12">The experimental set up is the following: given a set of sentences containing putative instances of English verb particle constructions, extract a list of non-compositional VPCs optionally with valence information.</S>
    <S sid="17" ssid="13">For comparison, we parse the same sentence set using a state-of-the-art statistical parser, and extract the VPCs from the parser output.</S>
    <S sid="18" ssid="14">Our results show that our chart mining method produces a model which is superior to the treebank parser.</S>
    <S sid="19" ssid="15">To our knowledge, the only other work that has looked at partial parsing results of precision grammars as a means of linguistic error analysis is that of Kiefer et al. (1999) and Zhang et al.</S>
    <S sid="20" ssid="16">(2007a), where partial parsing models were proposed to select a set of passive edges that together cover the input sequence.</S>
    <S sid="21" ssid="17">Compared to these approaches, our proposed chart mining technique is more general and can be adapted to specific tasks and domains.</S>
    <S sid="22" ssid="18">While we experiment exclusively with an HPSG grammar in this paper, it is important to note that the proposed method can be applied to any grammar formalism which is compatible with chart parsing, and where it is possible to describe an unlexicalised lexical entry for the different categories of lexical item that are to be extracted (see Section 3.2 for details).</S>
    <S sid="23" ssid="19">The remainder of the paper is organised as follows.</S>
    <S sid="24" ssid="20">Section 2 defines the task of VPC extraction.</S>
    <S sid="25" ssid="21">Section 3 presents the chart mining technique and the feature extraction process for the VPC extraction task.</S>
    <S sid="26" ssid="22">Section 4 evaluates the model performance with comparison to two competitor models over several different measures.</S>
    <S sid="27" ssid="23">Section 5 further discusses the general applicability of chart mining.</S>
    <S sid="28" ssid="24">Finally, Section 6 concludes the paper.</S>
  </SECTION>
  <SECTION title="2 Verb Particle Constructions" number="2">
    <S sid="29" ssid="1">The particular construction type we target for DLA in this paper is English Verb Particle Constructions (henceforth VPCs).</S>
    <S sid="30" ssid="2">VPCs consist of a head verb and one or more obligatory particles, in the form of intransitive prepositions (e.g., hand in), adjectives (e.g., cut short) or verbs (e.g., let go) (Villavicencio and Copestake, 2002; Huddleston and Pullum, 2002; Baldwin and Kim, 2009); for the purposes of our dataset, we assume that all particles are prepositional&#8212;by far the most common and productive of the three types&#8212;and further restrict our attention to single-particle VPCs (i.e., we ignore VPCs such as get along together).</S>
    <S sid="31" ssid="3">One aspect of VPCs that makes them a particularly challenging target for lexical acquisition is that the verb and particle can be non-contiguous (for instance, hand the paper in and battle right on).</S>
    <S sid="32" ssid="4">This sets them apart from conventional collocations and terminology (cf., Manning and Sch&#168;utze (1999), Smadja (1993) and McKeown and Radev (2000)) in that they cannot be captured effectively using ngrams, due to their variability in the number and type of words potentially interceding between the verb and the particle.</S>
    <S sid="33" ssid="5">Also, while conventional collocations generally take the form of compound nouns or adjective&#8211;noun combinations with relatively simple syntactic structure, VPCs occur with a range of valences.</S>
    <S sid="34" ssid="6">Furthermore, VPCs are highly productive in English and vary in use across domains, making them a prime target for lexical acquisition (Deh&#180;e, 2002; Baldwin, 2005; Baldwin and Kim, 2009).</S>
    <S sid="35" ssid="7">In the VPC dataset we use, there is an additional distinction between compositional and noncompositional VPCs.</S>
    <S sid="36" ssid="8">With compositional VPCs, the semantics of the verb and particle both correspond to the semantics of the respective simplex words, including the possibility of the semantics being specific to the VPC construction in the case of particles.</S>
    <S sid="37" ssid="9">For example, battle on would be classified as compositional, as the semantics of battle is identical to that for the simplex verb, and the semantics of on corresponds to the continuative sense of the word as occurs productively in VPCs (cf., walk/dance/drive/govern/... on).</S>
    <S sid="38" ssid="10">With non-compositional VPCs, on the other hand, the semantics of the VPC is somehow removed from that of the parts.</S>
    <S sid="39" ssid="11">In the dataset we used for evaluation, we are interested in extracting exclusively non-compositional VPCs, as they require lexicalisation; compositional VPCs can be captured via lexical rules and are hence not the target of extraction.</S>
    <S sid="40" ssid="12">English VPCs can occur with a number of valences, with the two most prevalent and productive valences being the simple transitive (e.g., hand in the paper) and intransitive (e.g., back off).</S>
    <S sid="41" ssid="13">For the purposes of our target task, we focus exclusively on these two valence types.</S>
    <S sid="42" ssid="14">Given the above, we define the English VPC extraction task to be the production of triples of the form (v, p, s), where v is a verb lemma, p is a prepositional particle, and s E {intrans, trans} is the valence; additionally, each triple has to be semantically non-compositional.</S>
    <S sid="43" ssid="15">The triples are extracted relative to a set of putative token instances for each of the intransitive and transitive valences for a given VPC.</S>
    <S sid="44" ssid="16">That is, a given triple should be classified as positive if and only if it is associated with at least one noncompositional token instance in the provided tokenlevel data.</S>
    <S sid="45" ssid="17">The dataset used in this research is the one used in the LREC 2008 Multiword Expression Workshop Shared Task (Baldwin, 2008).1 In the dataset, there is a single file for each of 4,090 candidate VPC triples, containing up to 50 sentences that have the given VPC taken from the British National Corpus.</S>
    <S sid="46" ssid="18">When the valence of the VPC is ignored, the dataset contains 440 unique VPCs among 2,898 VPC candidates.</S>
    <S sid="47" ssid="19">In order to be able to fairly compare our method with a state-of-the-art lexicalised parser trained over the WSJ training sections of the Penn Treebank, we remove any VPC types from the test set which are attested in the WSJ training sections.</S>
    <S sid="48" ssid="20">This removes 696 VPC types from the test set, and makes the task even more difficult, as the remaining testing VPC types are generally less frequent ones.</S>
    <S sid="49" ssid="21">At the same time, it unfortunately means that our results are not directly comparable to those for the original shared task.2</S>
  </SECTION>
  <SECTION title="3 Chart Mining for Parsing with a Large Precision Grammar" number="3">
    <S sid="50" ssid="1">The chart mining technique we use in this paper is couched in a constituent-based bottom-up chart parsing paradigm.</S>
    <S sid="51" ssid="2">A parsing chart is a data structure that records all the (complete or incomplete) intermediate parsing results.</S>
    <S sid="52" ssid="3">Every passive edge on the parsing chart represents a complete local analysis covering a sub-string of the input, while each active edge predicts a potential local analysis.</S>
    <S sid="53" ssid="4">In this view, a full analysis is merely a passive edge that spans the whole input and satisfies certain root conety of web- and dictionary-based features suited more to highfrequency instances in high-density languages, so a simplistic comparison would not have been meaningful. ditions.</S>
    <S sid="54" ssid="5">The bottom-up chart parser starts with edges instantiated from lexical entries corresponding to the input words.</S>
    <S sid="55" ssid="6">The grammar rules are used to incrementally create longer edges from smaller ones until no more edges can be added to the chart.</S>
    <S sid="56" ssid="7">Standardly, the parser returns only outputs that correspond to passive edges in the parsing chart that span the full input string.</S>
    <S sid="57" ssid="8">For those inputs without a full-spanning edge, no output is generated, and the chart becomes the only source of parsing information.</S>
    <S sid="58" ssid="9">A parsing chart takes the form of a hierarchy of edges.</S>
    <S sid="59" ssid="10">Where only passive edges are concerned, each non-lexical edge corresponds to exactly one grammar rule, and is connected with one or more daughter edge(s), and zero or more parent edge(s).</S>
    <S sid="60" ssid="11">Therefore, traversing the chart is relatively straightforward.</S>
    <S sid="61" ssid="12">There are two potential challenges for the chartmining technique.</S>
    <S sid="62" ssid="13">First, there is potentially a huge number of parsing edges in the chart.</S>
    <S sid="63" ssid="14">For instance, when parsing with a large precision grammar like the HPSG English Resource Grammar (ERG, Flickinger (2002)), it is not unusual for a 20-word sentence to receive over 10,000 passive edges.</S>
    <S sid="64" ssid="15">In order to achieve high efficiency in parsing (as well as generation), ambiguity packing is usually used to reduce the number of productive passive edges on the parsing chart (Tomita, 1985).</S>
    <S sid="65" ssid="16">For constraint-based grammar frameworks like LFG and HPSG, subsumption-based packing is used to achieve a higher packing ratio (Oepen and Carroll, 2000), but this might also potentially lead to an inconsistent packed parse forest that does not unpack successfully.</S>
    <S sid="66" ssid="17">For chart mining, this means that not all passive edges are directly accessible from the chart.</S>
    <S sid="67" ssid="18">Some of them are packed into others, and the derivatives of the packed edges are not generated.</S>
    <S sid="68" ssid="19">Because of the ambiguity packing, zero or more local analyses may exist for each passive edge on the chart, and the cross-combination of the packed daughter edges is not guaranteed to be compatible.</S>
    <S sid="69" ssid="20">As a result, expensive unification operations must be reapplied during the unpacking phase.</S>
    <S sid="70" ssid="21">Carroll and Oepen (2005) and Zhang et al. (2007b) have proposed efficient k-best unpacking algorithms that can selectively extract the most probable readings from the packed parse forest according to a discriminative parse disambiguation model, by minimising the number of potential unifications.</S>
    <S sid="71" ssid="22">The algorithm can be applied to unpack any passive edges.</S>
    <S sid="72" ssid="23">Because of the dynamic programming used in the algorithm and the hierarchical structure of the edges, the cost of the unpacking routine is empirically linear in the number of desired readings, and O(1) when invoked more than once on the same edge.</S>
    <S sid="73" ssid="24">The other challenge concerns the selection of informative and representative pieces of knowledge from the massive sea of partial analyses in the parsing chart.</S>
    <S sid="74" ssid="25">How to effectively extract the indicative features for a specific language phenomenon is a very task-specific question, as we will show in the context of the VPC extraction task in Section 3.2.</S>
    <S sid="75" ssid="26">However, general strategies can be applied to generate parse ranking scores on each passive edge.</S>
    <S sid="76" ssid="27">The most widely used parse ranking model is the loglinear model (Abney, 1997; Johnson et al., 1999; Toutanova et al., 2002).</S>
    <S sid="77" ssid="28">When the model does not use non-local features, the accumulated score on a sub-tree under a certain (unpacked) passive edge can be used to approximate the probability of the partial analysis conditioned on the sub-string within that span.3 As stated above, the target task we use to illustrate the capabilities of our chart mining method is VPC extraction.</S>
    <S sid="78" ssid="29">The grammar we apply our chart mining method to in this paper is the English Resource Grammar (ERG, Flickinger (2002)), a large-scale precision HPSG for English.</S>
    <S sid="79" ssid="30">Note, however, that the method is equally compatible with any grammar or grammar formalism which is compatible with chart parsing.</S>
    <S sid="80" ssid="31">The lexicon of the ERG has been semiautomatically extended with VPCs extracted by Baldwin (2005).</S>
    <S sid="81" ssid="32">In order to show the effectiveness of chart mining in discovering &#8220;unknowns&#8221; and remove any lexical probabilities associated with pre-existing lexical entries, we block the 3To have a consistent ranking model on any sub-analysis, one would have to retrain the disambiguation model on every passive edge.</S>
    <S sid="82" ssid="33">In practice, we find this to be intractable.</S>
    <S sid="83" ssid="34">Also, the approximation based on full-parse ranking model works reasonably well. lexical entries for the verb in the candidate VPC by substituting the input token with a DUMMY-V token, which is coupled with four candidate lexical entries of type: (1) intransitive simplex verb (v - e), (2) transitive simplex verb (v np le), (3) intransitive VPC (v p le), and (4) transitive VPC (v p-np le), respectively.</S>
    <S sid="84" ssid="35">These four lexical entries represent the two VPC valences we wish to distinguish between in the VPC extraction task, and the competing simplex verb candidates.</S>
    <S sid="85" ssid="36">Based on these lexical types, the features we extract with chart mining are summarised in Table 1.</S>
    <S sid="86" ssid="37">The maximal constituent (MAXCONS) of a lexical entry is defined to be the passive edge that is an ancestor of the lexical entry edge that: (i) must span over the particle, and (ii) has maximal span length.</S>
    <S sid="87" ssid="38">In the case of a tie, the edge with the highest disambiguation score is selected as the MAXCONS.</S>
    <S sid="88" ssid="39">If there is no edge found on the chart that spans over both the verb and the particle, the MAXCONS is set to be NULL, with a MAXSPAN of 0, MAXLEVEL of 0 and MAXCRANK of 4 (see Table 1).</S>
    <S sid="89" ssid="40">The stem of the particle is also collected as a feature.</S>
    <S sid="90" ssid="41">One important characteristic of these features is that they are completely unlexicalised on the verb.</S>
    <S sid="91" ssid="42">This not only leads to a fair evaluation with the ERG by excluding the influence from the lexical coverage of VPCs in the grammar, but it also demonstrates that complete grammatical coverage over simplex verbs is not a prerequisite for chart mining.</S>
    <S sid="92" ssid="43">To illustrate how our method works, we present the unpacked parsing chart for the candidate VPC show off and input sentence The boy shows off his new toys in Figure 1.</S>
    <S sid="93" ssid="44">The non-terminal edges are marked with their syntactic categories, i.e., HPSG rules (e.g., subjh for the subject-head-rule, hadj for the head-adjunct-rule, etc.</S>
    <S sid="94" ssid="45">), and optionally their disambiguation scores.</S>
    <S sid="95" ssid="46">By traversing upward through parent edges from the DUMMY-V edge, all features can be efficiently extracted (see the third column in Table 1).</S>
    <S sid="96" ssid="47">It should be noted that none of these features are used to deterministically dictate the predicted VPC category.</S>
    <S sid="97" ssid="48">Instead, the acquired features are used as inputs to a statistical classifier for predicting the type of the VPC candidate at the token level (in the context of the given sentence).</S>
    <S sid="98" ssid="49">In our experiment, we used a maximum entropy-based model to do a 3category classification: non-VPC, transitive VPC, or intransitive VPC.</S>
    <S sid="99" ssid="50">For the parameter estimation of the ME model, we use the TADM open source toolkit (Malouf, 2002).</S>
    <S sid="100" ssid="51">The token-level predictions are then combined with a simple majority voting to derive the type-level prediction for the VPC candidate.</S>
    <S sid="101" ssid="52">In the case of a tie, the method backs off to the naive baseline model described in Section 4.2, which relies on the combined probability of the verb and particle forming a VPC.</S>
    <S sid="102" ssid="53">We have also experimented with other ways of deriving type-level predictions from token-level classification results.</S>
    <S sid="103" ssid="54">For instance, we trained a separate classifier that takes the token-level prediction as input in order to determine the type-level VPC prediction.</S>
    <S sid="104" ssid="55">Our results indicate no significant difference between these methods and the basic majority voting approach, so we present results exclusively for this simplistic approach in this paper.</S>
  </SECTION>
  <SECTION title="4 Evaluation" number="4">
    <S sid="105" ssid="1">To evaluate the proposed chart mining-based VPC extraction model, we use the dataset from the LREC 2008 Multiword Expression Workshop shared task (see Section 2).</S>
    <S sid="106" ssid="2">We use this dataset to perform three distinct DLA tasks, as detailed in Table 2.</S>
    <S sid="107" ssid="3">The chart mining feature extraction is implemented as an extension to the PET parser (Callmeier, 2001).</S>
    <S sid="108" ssid="4">We use a slightly modified version of the ERG in our experiments, based on the nov-06 release.</S>
    <S sid="109" ssid="5">The modifications include 4 newly-added dummy lexical entries for the verb DUMMY-V and the corresponding inflectional rules, and a lexical type prediction model (Zhang and Kordoni, 2006) trained on the LOGON Treebank (Oepen et al., 2004) for unknown word handling.</S>
    <S sid="110" ssid="6">The parse disambiguation model we use is also trained on the LOGON Treebank.</S>
    <S sid="111" ssid="7">Since the parser has no access to any of the verbs under investigation (due to the DUMMYV substitution), those VPC types attested in the LOGON Treebank do not directly impact on the model&#8217;s performance.</S>
    <S sid="112" ssid="8">The chart mining feature extraction process took over 10 CPU days, and collected a total of 44K events for 4,090 candidate VPC triples.4 5-fold cross validation is used to train/test the model.</S>
    <S sid="113" ssid="9">As stated above (Section 2), the VPC triples attested in the WSJ training sections of the Penn Treebank are excluded in each testing fold for comparison with the Charniak parser-based model (see Section 4.2).</S>
    <S sid="114" ssid="10">For comparison, we first built a naive baseline model using the combined probabilities of the verb and particle being part of a VPC.</S>
    <S sid="115" ssid="11">More specifically, P(c|v) and P(c|p) are the probabilities of a given verb v and particle p being part of a VPC candidate of type s E {intrans, trans, null}, for transitive 4Not all sentences in the dataset are successfully chartmined.</S>
    <S sid="116" ssid="12">Due to the complexity of the precision grammar we use, the parser is unlikely to complete the parsing chart for extremely long sentences (over 50 words).</S>
    <S sid="117" ssid="13">Moreover, sentences which do not receive any spanning edge over the verb and the particle are not considered as an indicative event.</S>
    <S sid="118" ssid="14">Nevertheless, the coverage of the chart mining is much higher than the fullparse coverage of the grammar.</S>
    <S sid="119" ssid="15">VPC, intransitive VPC, and non-VPC, respectively.</S>
    <S sid="120" ssid="16">P&#65533;(s|v, p) = P(s|v) &#183; P(s|p) is used to approximate the joint probability of verb-particle (v, p) being of type s, and the prediction type is chosen randomly based on this probabilistic distribution.</S>
    <S sid="121" ssid="17">Both P(s|v) and P(s|p) can be estimated from a list of VPC candidate types.</S>
    <S sid="122" ssid="18">If v is unseen, P(s|v) is set to be &#65533;V &#65533; &#65533;vzEV P(s|vi) estimated over all verbs |V | seen in the list of VPC candidates.</S>
    <S sid="123" ssid="19">The naive baseline performed poorly, mainly because there is not enough knowledge about the context of use of VPCs.</S>
    <S sid="124" ssid="20">This also indicates that the task of VPC extraction is non-trivial, and that context (evidence from sentences in which the VPC putatively occurs) must be incorporated in order to make more accurate predictions.</S>
    <S sid="125" ssid="21">As a benchmark VPC extraction system, we use the Charniak parser (Charniak, 2000).</S>
    <S sid="126" ssid="22">This statistical parser induces a context-free grammar and a generative parsing model from a training set of gold standard parse trees.</S>
    <S sid="127" ssid="23">Traditionally, it has been trained over the WSJ component of the Penn Treebank, and for this work we decided to take the same approach and train over sections 1 to 22, and use section 23 for parameter-tuning.</S>
    <S sid="128" ssid="24">After parsing, we simply search for the VPC triples in each token instance with tgrep2,5 and decide on the classification of the candidate by majority voting over all instances, breaking ties randomly.</S>
    <S sid="129" ssid="25">The results of our experiments are summarised in Table 3.</S>
    <S sid="130" ssid="26">For the naive baseline and the chart miningbased models, the results are averaged over 5-fold cross validation.</S>
    <S sid="131" ssid="27">We evaluate the methods in the form of the three tasks described in Table 2.</S>
    <S sid="132" ssid="28">Formally, GOLD VPC equates to extracting (v, p, s) tuples from the subset of gold-standard (v,p) tuples; FULL equates to extracting (v, p, s) tuples for all VPC candidates; and VPC equates to extracting (v,p) tuples (ignoring valence) over all VPC candidates.</S>
    <S sid="133" ssid="29">In each case, we present the precision (P), recall (R) and F-score (&#946; = 1: F).</S>
    <S sid="134" ssid="30">For multi-category classifications (i.e. the two tasks where we predict the valence s, indicated as &#8220;All&#8221; in Table 3), we micro-average the precision and recall over the two VPC categories, and calculate the F-score as their harmonic mean.</S>
    <S sid="135" ssid="31">From the results, it is obvious that the chart mining-based model performs best overall, and indeed for most of the measures presented.</S>
    <S sid="136" ssid="32">The Charniak parser-based extraction method performs reasonably well, especially in the VPC+valence extraction task over the FULL task, where the recall was higher than the chart mining method.</S>
    <S sid="137" ssid="33">Although not reported here, we observe a marked improvement in the results for the Charniak parser when the VPC types attested in the WSJ are not filtered from the test set.</S>
    <S sid="138" ssid="34">This indicates that the statistical parser relies heavily on lexicalised VPC information, while the chart mining model is much more syntax-oriented.</S>
    <S sid="139" ssid="35">In error analysis of the data, we observed that the Charniak parser was noticeably more accurate at extracting VPCs where the verb was frequent (our method, of course, did not have access to the base frequency of the simplex verb), underlining again the power of lexicalisation.</S>
    <S sid="140" ssid="36">This points to two possibilities: (1) the potential for our method to similarly benefit from lexicalisation if we were to remove the constraint on ignoring any pre-existing lexical entries for the verb; and (2) the possibility for hybridising between lexicalised models for frequent verbs and unlexicalised models for infrequent verbs.</S>
    <S sid="141" ssid="37">Having said this, it is important to reinforce that lexical acquisition is usually performed in the absence of lexicalised probabilities, as if we have prior knowledge of the lexical item, there is no need to extract it.</S>
    <S sid="142" ssid="38">In this sense, the first set of results in Table 3 over Gold VPCs are the most informative, and illustrate the potential of the proposed approach.</S>
    <S sid="143" ssid="39">From the results of all the models, it would appear that intransitive VPCs are more difficult to extract than transitive VPCs.</S>
    <S sid="144" ssid="40">This is partly because the dataset we use is unbalanced: the number of transitive VPC types is about twice the number of intransitive VPCs.</S>
    <S sid="145" ssid="41">Also, the much lower numbers over the FULL set compared to the GOLD VPC set are due to the fact that only 1/8 of the candidates are true VPCs.</S>
  </SECTION>
  <SECTION title="5 Discussion and Future Work" number="5">
    <S sid="146" ssid="1">The inventory of features we propose for VPC extraction is just one illustration of how partial parse results can be used in lexical acquisition tasks.</S>
    <S sid="147" ssid="2">The general chart mining technique can easily be adapted to learn other challenging linguistic phenomena, such as the countability of nouns (Baldwin and Bond, 2003), subcategorization properties of verbs or nouns (Korhonen, 2002), and general multiword expression (MWE) extraction (Baldwin and Kim, 2009).</S>
    <S sid="148" ssid="3">With MWE extraction, e.g., even though some MWEs are fixed and have no internal syntactic variability, such as ad hoc, there is a very large proportion of idioms that allow various degrees of internal variability, and with a variable number of elements.</S>
    <S sid="149" ssid="4">For example, the idiom spill the beans allows internal modification (spill mountains of beans), passivisation (The beans were spilled in the latest edition of the report), topicalisation (The beans, the opposition spilled), and so forth (Sag et al., 2002).</S>
    <S sid="150" ssid="5">In general, however, the exact degree of variability of an idiom is difficult to predict (Riehemann, 2001).</S>
    <S sid="151" ssid="6">The chart mining technique we propose here, which makes use of partial parse results, may facilitate the automatic recognition task of even more flexible idioms, based on the encouraging results for VPCs.</S>
    <S sid="152" ssid="7">The main advantage, though, of chart mining is that parsing with precision grammars does not any longer have to assume complete coverage, as has traditionally been the case.</S>
    <S sid="153" ssid="8">As an immediate consequence, the possibility of applying our chart mining technique to evolving medium-sized grammars makes it especially interesting for lexical acquisition over low-density languages, for instance, where there is a real need for rapid-prototyping of language resources.</S>
    <S sid="154" ssid="9">The chart mining approach we propose in this paper is couched in the bottom-up chart parsing paradigm, based exclusively on passive edges.</S>
    <S sid="155" ssid="10">As future work, we would also like to look into the top-level active edges (those active edges that are never completed), as an indication of failed assumptions.</S>
    <S sid="156" ssid="11">Moreover, it would be interesting to investigate the applicability of the technique in other parsing strategies, e.g., head-corner or left-corner parsing.</S>
    <S sid="157" ssid="12">Finally, it would also be interesting to investigate whether by using the features we acquire from chart mining enhanced with information on the prevalence of certain patterns, we could achieve performance improvements over broader-coverage treebank parsers such as the Charniak parser.</S>
  </SECTION>
  <SECTION title="6 Conclusion" number="6">
    <S sid="158" ssid="1">We have proposed a chart mining technique for lexical acquisition based on partial parsing with precision grammars.</S>
    <S sid="159" ssid="2">We applied the proposed method to the task of extracting English verb particle constructions from a prescribed set of corpus instances.</S>
    <S sid="160" ssid="3">Our results showed that simple unlexicalised features mined from the chart can be used to effectively extract VPCs, and that the model outperforms a probabilistic baseline and the Charniak parser at VPC extraction.</S>
  </SECTION>
  <SECTION title="Acknowledgements" number="7">
    <S sid="161" ssid="1">NICTA is funded by the Australian Government as represented by the Department of Broadband, Communications and the Digital Economy and the Australian Research Council through the ICT Centre of Excellence program.</S>
    <S sid="162" ssid="2">The first was supported by the German Excellence Cluster of Multimodal Computing and Interaction.</S>
  </SECTION>
</PAPER>
