<PAPER>
  <S sid="0">Classification of Atypical Language in Autism</S>
  <ABSTRACT>
    <S sid="1" ssid="1">Atypical or idiosyncratic language is a characteristic of autism spectrum disorder (ASD).</S>
    <S sid="2" ssid="2">In this paper, we discuss previous work identifying language errors associated with atypical language in ASD and describe a procedure for reproducing those results.</S>
    <S sid="3" ssid="3">We describe our data set, which consists of transcribed data from a widely used clinical diagnostic instrument (the ADOS) for children with autism, children with developmental language disorder, and typically developing children.</S>
    <S sid="4" ssid="4">We then present methods for automatically extracting lexical and syntactic features from transcripts of children&#8217;s speech to 1) identify certain syntactic and semantic errors that have previously been found to distinguish ASD language from that of children with typical development; and 2) perform diagnostic classification.</S>
    <S sid="5" ssid="5">Our classifiers achieve results well above chance, demonstrating the potential for using NLP techniques to enhance neurodevelopmental diagnosis and atypical language analysis.</S>
    <S sid="6" ssid="6">We expect further improvement with additional data, features, and classification techniques.</S>
  </ABSTRACT>
  <SECTION title="1 Introduction" number="1">
    <S sid="7" ssid="1">Atypical language and communication have been associated with autism spectrum disorder (ASD) since Kanner (1943) first gave the name autism to the disorder.</S>
    <S sid="8" ssid="2">The Autism Diagnostic Observation Schedule (ADOS) (Lord et al., 2002) and other widely used diagnostic instruments include unusual word use as a diagnostic criterion.</S>
    <S sid="9" ssid="3">The broad and conflicting definitions used in diagnostic instruments for ASD, however, can lead to difficulty distinguishing the language peculiarities associated with autism.</S>
    <S sid="10" ssid="4">The most recent and the most systematic study of unusual word use in ASD (Volden and Lord, 1991) found that certain types of atypical word use were significantly more prevalent in ASD speech than in the speech of children with typical development (TD).</S>
    <S sid="11" ssid="5">Although the results provided interesting information about unusual language in ASD, the process of coding these types of errors was laborious and required substantial linguistic and clinical expertise.</S>
    <S sid="12" ssid="6">In this paper, we first use our own data to reproduce a subset of the results reported in Volden and Lord (1991).</S>
    <S sid="13" ssid="7">We then present a method of automatically identifying the types of errors associated with ASD using spoken language features and machine learning techniques.</S>
    <S sid="14" ssid="8">These same features are then used to differentiate subjects with ASD or a developmental language disorder (DLD) from those with TD.</S>
    <S sid="15" ssid="9">Although these linguistic features yield strong classification results, they also reveal a number of obstacles to distinguishing language characteristics associated with autism from those associated with language impairment.</S>
  </SECTION>
  <SECTION title="2 Previous Work" number="2">
    <S sid="16" ssid="1">Since it was first recognized as a neurodevelopmental disorder, autism has been associated with language described variously as: &#8220;seemingly nonsensical and irrelevant&#8221;, &#8220;peculiar and out of place in ordinary conversation&#8221; (Kanner, 1946); &#8220;stereotyped&#8221;, &#8220;metaphorical&#8221;, &#8220;inappropriate&#8221; (Bartak et al., 1975); and characterized by &#8220;a lack of ease in the use of words&#8221; (Rutter, 1965) and &#8220;the use of standard, familiar words or phrases in idiosyncratic but meaningful way&#8221; (Volden and Lord, 1991).</S>
    <S sid="17" ssid="2">The three most common instruments used in ASD diagnosis &#8211; the Autism Diagnostic Observation Schedule (ADOS) (Lord et al., 2002), the Autism Diagnostic Interview-Revised (ADI-R) (Lord et al., 1994), and the Social Communication Questionnaire (SCQ) (Rutter et al., 2003) &#8211; make reference to these language particularities in their scoring algorithms.</S>
    <S sid="18" ssid="3">Unfortunately, the guidelines for identifying this unusual language are often vague (SCQ: &#8220;odd&#8221;, ADI-R: &#8220;idiosyncratic&#8221;, ADOS: &#8220;unusual&#8221;) and sometimes contradictory (ADOS: &#8220;appropriate&#8221; vs. ADI-R: &#8220;inappropriate&#8221;; ADOS: &#8220;phrases...they could not have heard&#8221; vs. SCQ: &#8220;phrases that he/she has heard other people use&#8221;).</S>
    <S sid="19" ssid="4">In what is one of the only studies focused specifically on unusual word use in ASD, Volden and Lord (1991) transcribed two 10-minute speech samples from the ADOS for 20 school-aged, highfunctioning children with autism and 20 with typical development.</S>
    <S sid="20" ssid="5">Utterances containing non-English words or the unusual use of a word or phrase were flagged by student workers and then categorized by the authors into one of three classes according to the type of error: The authors found that high-functioning children with ASD produced significantly more nondevelopmental and semantic errors than children with typical development.</S>
    <S sid="21" ssid="6">The number of developmental syntax errors was not significantly different between these two groups.</S>
    <S sid="22" ssid="7">Although there has been virtually no previous work on automated analysis of unannotated transcripts of the speech of children with ASD, automatically extracted language features have shown promise in the identification of other neurological disorders such as language impairment and cognitive impairment.</S>
    <S sid="23" ssid="8">Gabani et al. (2009) used part-ofspeech language models to derive perplexity scores for transcripts of the speech of children with and without language impairment.</S>
    <S sid="24" ssid="9">These scores offered significant diagnostic power, achieving an F1 measure of roughly 70% when used within an support vector machine (SVM) for classification.</S>
    <S sid="25" ssid="10">Roark et al. (in press) extracted a much larger set of language complexity features derived from syntactic parse trees from transcripts of narratives produced by elderly subjects for the diagnosis of mild cognitive impairment.</S>
    <S sid="26" ssid="11">Selecting a subset of these features for classification with an SVM yielded accuracy, as measured by the area under the receiver operating characteristic curve, of 0.73.</S>
    <S sid="27" ssid="12">Language models have also been applied to the task of error identification, but primarily in writing samples of ESL learners.</S>
    <S sid="28" ssid="13">Gamon et al. (2008) used word-based language models to detect and correct common ESL errors, while Leacock and Chodorow (2003) used part-of-speech bigram language models to identify potentially ungrammatical two-word sequences in ESL essays.</S>
    <S sid="29" ssid="14">Although these tasks differ in a number of ways from our tasks, they demonstrate the utility of using both word and partof-speech language models for error detection.</S>
  </SECTION>
  <SECTION title="3 Data Collection" number="3">
    <S sid="30" ssid="1">Our first objective was to gather data in order reproduce the results reported in Volden and Lord (1991).</S>
    <S sid="31" ssid="2">As shown in Table 1, the participants in our study were 50 children ages 4 to 8 with a performance IQ greater than 80 and a diagnosis of either typical development (TD, n=17), autism spectrum disorder (ASD, n=20), or developmental language disorder (DLD, n=13).</S>
    <S sid="32" ssid="3">Developmental language disorder (DLD), also sometimes known as specific language impairment (SLI), is generally defined as the delayed or impaired acquisition of language without accompanying comparable delays or deficits in hearing, cognition, and socio-emotional development (McCauley, 2001).</S>
    <S sid="33" ssid="4">The language impairments that characterize DLD are not related to articulation or &#8220;speech impediments&#8221; but rather are associated with more profound problems producing and often comprehending language in terms of its pragmatics, syntax, semantics, and phonology.</S>
    <S sid="34" ssid="5">The DSM-IV-TR (American Psychiatric Association, 2000) includes neither DLD nor SLI as a disorder, but for the purposes of this work, DLD corresponds to the DSM&#8217;s designations Expressive Language Disorder and Mixed Expressive-Receptive Language Disorder.</S>
    <S sid="35" ssid="6">For this study, a subject received a diagnosis of DLD if he or she met one of two commonly used criteria: 1) The Tomblin Epi-SLI criteria (Tomblin, et al., 1996), in which diagnosis of language impairment is indicated when scores in two out of five domains (vocabulary, grammar, narrative, receptive, and expressive) are greater than 1.25 standard deviations below the mean; and 2) The CELF-Preschool2/CELF-4 criteria, in which diagnosis of language impairment is indicated when one out of three index scores and one out of three spontaneous language scores are more than one standard deviation below the mean.</S>
    <S sid="36" ssid="7">A diagnosis of ASD required a previous medical, educational, or clinical diagnosis of ASD, which was then confirmed by our team of clinicians according to the criteria of the DSM-IV-TR (American Psychiatric Association, 2000), the revised algorithm of the ADOS (Lord et al., 2002), and the SCQ parental interview (Rutter et al., 2003).</S>
    <S sid="37" ssid="8">Fifteen of the 20 ASD subjects participating in this study also met at least one of the above described criteria for DLD.</S>
    <S sid="38" ssid="9">The ADOS (Lord et al., 2002), a semi-structured series of activities designed to reveal behaviors associated with autism, was administered to all 50 subjects.</S>
    <S sid="39" ssid="10">Five of the ADOS activities that require significant amounts spontaneous speech (Make-Believe Play, Joint Interactive Play, Description of a Picture, Telling a Story From a Book, and Conversation and Reporting) were then transcribed at the utterance level for all 50 speakers.</S>
    <S sid="40" ssid="11">All utterances from the transcripts longer than four words (11,244) were presented to individuals blind to the purposes of the study, who were asked to flag any sentence with atypical or unusual word use.</S>
    <S sid="41" ssid="12">Those sentences were then classified by the authors as having no errors or one of the three error types described in Volden and Lord.</S>
    <S sid="42" ssid="13">Examples from our data are given in Table 2.</S>
    <S sid="43" ssid="14">In order to compare our results to those reported in Volden and Lord, we calculated the rates of the three types of errors for each subject, as shown in Table 2.</S>
    <S sid="44" ssid="15">With a two-sample (TD v. ASD) t-test, the rates of nondevelopmental and semantic errors were significantly higher in the ASD group than in the TD group, while there was no significant difference in developmental errors between the two groups.</S>
    <S sid="45" ssid="16">These results reflect the same trends observed in Volden and Lord, in which the raw counts of both developmental and semantic errors were higher in the ASD group.</S>
    <S sid="46" ssid="17">Using ANOVA for significance testing over all three diagnostic groups, we found that the rate of developmental errors was significantly higher in the DLD group than in the other groups.</S>
    <S sid="47" ssid="18">The difference in semantic error rate between TD and ASD using the t-test was preserved, but the difference in nondevelopmental error rate was lost when comparing all three diagnostic groups with ANOVA, as shown in Figure 1.</S>
    <S sid="48" ssid="19">Error Example Dev.</S>
    <S sid="49" ssid="20">I have a games.</S>
    <S sid="50" ssid="21">The baby drinked it.</S>
    <S sid="51" ssid="22">The frogs was watching TV.</S>
    <S sid="52" ssid="23">Nondev.</S>
    <S sid="53" ssid="24">He locked him all of out.</S>
    <S sid="54" ssid="25">Would you like to be fall down?</S>
    <S sid="55" ssid="26">He got so the ball went each way.</S>
    <S sid="56" ssid="27">Sem.</S>
    <S sid="57" ssid="28">Something makes my eyes poke.</S>
    <S sid="58" ssid="29">It smells like it&#8217;s falling on your head.</S>
    <S sid="59" ssid="30">All the fish are leaving in the air.</S>
    <S sid="60" ssid="31">The process of manually identifying sentences with atypical or unusual language was relatively painless, but determining the specific error types is subjective and time-consuming, and requires a great deal of expertise.</S>
    <S sid="61" ssid="32">In addition, although we do observe significant differences between groups, it is not clear whether the differences are sufficient for diagnostic classification or discrimination.</S>
    <S sid="62" ssid="33">We now propose automatically extracting from the transcripts various measures of linguistic likelihood, complexity, and surprisal that have the potential to objectively capture qualities that differentiate 1) the three types of errors described above, and 2) the three diagnostic groups discussed above.</S>
    <S sid="63" ssid="34">In the next three sections, we will discuss the various linguistic features we extract; methods for using these features to classify each sentence according to its error type for the purpose of automatic error-detection; and methods for using these features, calculated for each subject, for diagnostic classification.</S>
  </SECTION>
  <SECTION title="4 Features" number="4">
    <S sid="64" ssid="1">N-gram cross entropy.</S>
    <S sid="65" ssid="2">Following previous work in both error detection (Gamon et al., 2008; Leacock and Chodorow, 2003) and neurodevelopmental diagnostic classification (Gabani et al., 2009), we begin with simple bigram language model features.</S>
    <S sid="66" ssid="3">A bigram language model provides information about the likelihood of a given item (e.g., a word or part of speech) in a sentence given the previous item in that sentence.</S>
    <S sid="67" ssid="4">We suspect that some of the types of unusual language investigated here, in particular those seen in the syntactic errors shown in Table 2, are characterized by unlikely words (drinked) and word or part-of-speech sequences (a games, all of out) and hence might be distinguished by language model-based scores.</S>
    <S sid="68" ssid="5">We build a word-level bigram language model and a part-of-speech level bigram language model from the Switchboard (Godfrey et al., 1992) corpus.</S>
    <S sid="69" ssid="6">We then automatically generate part-of-speech tags for each sentence (where the tags were derived from the best scoring output of the full syntactic parser mentioned below), and then apply the two models to each sentence.</S>
    <S sid="70" ssid="7">For each sentence, we calculate its cross entropy and perplexity.</S>
    <S sid="71" ssid="8">For a word string wi ... wn of length n, the cross entropy H is where P(wi ... wn) is calculated as the product of the n-gram probabilities of each word in the string.</S>
    <S sid="72" ssid="9">The corresponding measure can be calculated for the POS-tag sequence, based on an n-gram model of tags.</S>
    <S sid="73" ssid="10">Perplexity is simply 2H.</S>
    <S sid="74" ssid="11">While we would prefer to use a corpus that is closer to the child language that we are attempting to model, we found the conversational style of the Switchboard corpus to be the most effective large corpus that we had at our disposal for this study.</S>
    <S sid="75" ssid="12">As the size of our small corpus grows, we intend to make use of the text to assist with model building, but for this study, we used all out-of-domain data for n-gram language models and parsing models.</S>
    <S sid="76" ssid="13">Using Switchboard also allowed us to use the same corpus to train both n-gram and parsing models.</S>
    <S sid="77" ssid="14">Surprisal-based features.</S>
    <S sid="78" ssid="15">Surprisal, or the unexpectedness of a word or syntactic category in a given context, is often used as a psycholinguistic measure of sentence-processing difficulty (Hale, 2001; Boston et al., 2008).</S>
    <S sid="79" ssid="16">Although surprisal is usually discussed in the context of cognitive load for language processing, we hoped that it might also capture some of the language characteristics of the semantic errors like those in Table 2, which often contain common words used in surprising ways, and the nondevelopmental syntax errors, which often include strings of function words presented in an order that would be difficult to anticipate.</S>
    <S sid="80" ssid="17">To derive surprisal-based features, each sentence is parsed using the Roark (2001) incremental top-down parser relying on a model built again on the Switchboard corpus.</S>
    <S sid="81" ssid="18">The incremental output of the parser shows the surprisal for each word, as well as other scores, as presented in Roark et al. (2009).</S>
    <S sid="82" ssid="19">For each sentence, we collected the mean surprisal (equivalent to the cross entropy given the model); the mean syntactic surprisal; and the mean lexical surprisal.</S>
    <S sid="83" ssid="20">The lexical and syntactic surprisal are a decomposition of the total surprisal into that portion due to probability mass associated with building non-terminal structure (syntactic surprisal) and that portion due to probability mass associated with building terminal lexical items in the tree (lexical surprisal).</S>
    <S sid="84" ssid="21">We refer the reader to that paper for further details.</S>
    <S sid="85" ssid="22">Other linguistic complexity measures The nondevelopmental syntax errors in Table 2 are characterized by their ill-formed syntactic structure.</S>
    <S sid="86" ssid="23">Following Roark et al. (in press), in which the authors explored the relationship between linguistic structural complexity and cognitive decline, and Sagae (2005), in which the authors used automatic syntactic annotation to assess syntactic development, we also investigated the following measures of linguistic complexity: words per clause, tree nodes per word, dependency length per word, and Ygnve and Frazier scores per word.</S>
    <S sid="87" ssid="24">Each of these scores can be calculated from a provided syntactic parse tree, and to generate these we made use of the Charniak parser (Charniak, 2000), also trained on the Switchboard treebank.</S>
    <S sid="88" ssid="25">Briefly, words per clause is the total number of words divided by the total number of clauses; and tree nodes per word is the total number of nodes in the parse tree divided by the number of words.</S>
    <S sid="89" ssid="26">The dependency length for a word is the distance (in word tokens) between that word and its governor, as determined through standard head-percolation methods from the output of the Charniak parser.</S>
    <S sid="90" ssid="27">We calculate the mean of this length over all words in the utterance.</S>
    <S sid="91" ssid="28">The Yngve score of a word is the size of the stack of a shift-reduce parser after that word; and the Frazier score essentially counts how many intermediate nodes exist in the tree between the word and its lowest ancestor that is either the root or has a left sibling in the tree.</S>
    <S sid="92" ssid="29">We calculate the mean of both of these scores over the utterance.</S>
    <S sid="93" ssid="30">We refer the reader to the above cited paper for more details on these measures.</S>
    <S sid="94" ssid="31">As noted in Roark et al. (in press), some of these measures are influenced by particular characteristics of the Penn Treebank style trees &#8211; e.g., flat noun phrases, etc.</S>
    <S sid="95" ssid="32">&#8211; and measures vary in the degree to which they capture divergence from typical structures.</S>
    <S sid="96" ssid="33">Some (including Yngve) are sensitive to the breadth of trees (e.g., flat productions with many children); others (including Frazier) are sensitive to depth of trees.</S>
    <S sid="97" ssid="34">This variability is a key reason for including multiple, complementary features, such as both Frazier and Yngve scores, to capture more subtle syntactic characteristics than would be available from any of these measures alone.</S>
    <S sid="98" ssid="35">Although we were not able to measure parsing accuracy on our data set and how it might affect the reliability of these features, Roark et al. (in press) did investigate this very issue.</S>
    <S sid="99" ssid="36">They found that all of the above described syntactic measures, when they were derived from automatically generated parse trees, correlated very highly (greater than 0.9) with those measures when they were derived from manually generated parse trees.</S>
    <S sid="100" ssid="37">For the moment, we assume that the same principle holds true for our data set, though we do intend both to verify this assumption and to supplement our parsing models with data from child speech.</S>
    <S sid="101" ssid="38">Based on manual inspection of parser output, the current parsing model does seem to be recovering largely valid structures.</S>
  </SECTION>
  <SECTION title="5 Error Classification" number="5">
    <S sid="102" ssid="1">The values for 8 of the 12 features were significantly different over the three error classes, as measured by one-way ANOVA: words per clause, Yngve, dependency, word cross-entropy all significant at p &lt; 0.001; Frazier, nodes per word at p &lt; 0.01; overall surprisal and lexical surprisal at p &lt; 0.05.</S>
    <S sid="103" ssid="2">We built classification and regression trees (CART) using the Weka data mining software (Hall et al., 2009) using all of the 12 features described above to predict which error each sentence contained, and we report the accuracy, weighted F measure, and area under the receiver operating characteristic curve (AUC).</S>
    <S sid="104" ssid="3">Including all 12 features in the CART using 10fold cross validation resulted in an AUC of 0.68, while using only those features with significant between-group differences yielded an AUC of 0.65.</S>
    <S sid="105" ssid="4">These are both substantial improvements over a baseline with an unbalanced corpus in which the most frequent class is chosen for all input items (Baseline 1) or a baseline with a balanced corpus in which class is chosen at random (Baseline 2), which both have an AUC of 0.5.</S>
    <S sid="106" ssid="5">The results for each of these classifiers, provided in Table 3, show potential for automating the identification of error type.</S>
  </SECTION>
  <SECTION title="6 Diagnostic Classification" number="6">
    <S sid="107" ssid="1">In Section 3, we found a number of significant differences in error type production rates across our three diagnostic groups.</S>
    <S sid="108" ssid="2">Individual rates of error production, however, provide almost no classification power within a CART (AUC = 0.51).</S>
    <S sid="109" ssid="3">Perhaps the phenomena being observed in ASD and DLD language are related to subtle language features that are less easily identified than simply the membership of a sentence in one of these three error categories.</S>
    <S sid="110" ssid="4">Given the ability of our language features to discriminate error types moderately well, as shown in Section 5, we decided to extract these same 12 features from every sentence longer than 4 words from the entire transcript for each of the subjects.</S>
    <S sid="111" ssid="5">We then took the mean of each feature over all of the sentences for each speaker.</S>
    <S sid="112" ssid="6">These per-speaker feature vectors were used for diagnostic classification within a CART.</S>
    <S sid="113" ssid="7">We first performed classification over the three diagnostic groups using the full set of 12 features described in Section 4.</S>
    <S sid="114" ssid="8">This results in only modest gains in performance over the baseline that uses error rates as the only features.</S>
    <S sid="115" ssid="9">We then used ANOVA to determine which of the 12 features differed significantly across the three groups.</S>
    <S sid="116" ssid="10">Only four features were found to be significantly different across the three groups (words per clause, Yngve, dependency, word cross entropy), and none of them different significantly between the ASD group and the DLD group.</S>
    <S sid="117" ssid="11">As expected, classification did not improve with this feature subset, as reported in Table 4.</S>
    <S sid="118" ssid="12">Recall that 15 of the 20 ASD subjects also met at least one criterion for a developmental language disorder.</S>
    <S sid="119" ssid="13">Perhaps the language peculiarities we observe in our subjects with ASD are related in part to language characteristics of DLD rather than ASD.</S>
    <S sid="120" ssid="14">We now attempt to tease apart these two sources of unusual language by investigating three separate classification tasks: TD vs. ASD, TD vs. DLD, and ASD vs. DLD.</S>
    <S sid="121" ssid="15">We perform classification of the TD and ASD subjects with three feature sets: 1) per-subject error rates; 2) all 12 features described in Section 4; and 3) the subset of significantly different features.</S>
    <S sid="122" ssid="16">We found that 7 of the 12 features explored in Section 4 differed significantly between the TD group and the ASD group: words per clause, Yngve, dependency, word cross-entropy, overall surprisal, syntactic surprisal, and lexical surprisal.</S>
    <S sid="123" ssid="17">Classification results are shown in Table 5.</S>
    <S sid="124" ssid="18">We see that using the automatically derived linguistic features improves classification substantially over the baseline using per-subject error rates, particularly when we use the feature subset.</S>
    <S sid="125" ssid="19">Note that the best classification accuracy results are comparable to those reported in related work on language impairment and mild cognitive impairment described in Section 2.</S>
    <S sid="126" ssid="20">We perform classification of TD and DLD subjects with the same three feature sets used for the TD vs. ASD classification.</S>
    <S sid="127" ssid="21">We found that 6 of the 12 features explored in Section 4 different significantly between the TD group and the ASD group: words per clause, Yngve, dependency, word cross-entropy, overall surprisal, and lexical surprisal.</S>
    <S sid="128" ssid="22">Note that this is a subset of the features that differed between the TD group and ASD group.</S>
    <S sid="129" ssid="23">Classification results are shown in Table 6.</S>
    <S sid="130" ssid="24">Interestingly, using per-subject error rates for classification of TD and DLD subjects was quite robust.</S>
    <S sid="131" ssid="25">Using all of the features improved classification somewhat, while using only a subset resulted in degraded performance.</S>
    <S sid="132" ssid="26">We see that the discriminative power of these features is superior to that reported in earlier work using LM-based features for classification of specific language impairment (Gabani et al., 2009).</S>
    <S sid="133" ssid="27">Finally, we perform classification of the ASD and DLD subjects using only the first two features sets, since there were no features found to be even marginally significantly different between these two groups.</S>
    <S sid="134" ssid="28">Classification results, which are dismal for both feature sets, are shown in Table 7.</S>
    <S sid="135" ssid="29">It seems quite clear that the error rates, feature values, and classification performance are all being influenced by the fact that a majority of the ASD subjects also meet at least one criterion for a developmental language disorder.</S>
    <S sid="136" ssid="30">Neither error rates nor feature values could discriminate between the ASD and DLD group.</S>
    <S sid="137" ssid="31">Nevertheless we see that our ASD group and DLD group do not follow the same patterns in their error production or language feature scores.</S>
    <S sid="138" ssid="32">Clearly there are differences in the language patterns of the two groups that are not being captured with any of the methods discussed here.</S>
    <S sid="139" ssid="33">We also observe that the error rates themselves, while sometimes significantly different across groups as originally observed in Volden and Lord, do not perform well as diagnostic features for ASD in our framework.</S>
    <S sid="140" ssid="34">Volden and Lord did not attempt classification in their study, so it is not known whether the authors would have encountered the same problem.</S>
    <S sid="141" ssid="35">There are, however, a number of possible explanations for a discrepancy between our results and theirs.</S>
    <S sid="142" ssid="36">First, our data was gathered from pre-school and young school-aged children, while the Volden and Lord subjects were generally teenagers and young adults.</S>
    <S sid="143" ssid="37">The way in which their spoken language samples were elicited allowed Volden and Lord to use raw error counts rather than error rates.</S>
    <S sid="144" ssid="38">There may also have been important differences in the way we carried out the manual error identification process, despite our best efforts to replicate their procedure.</S>
    <S sid="145" ssid="39">Further development of our classification methods and additional data collection are needed to determine the utility of error type identification for diagnostic purposes.</S>
  </SECTION>
  <SECTION title="7 Future Work" number="7">
    <S sid="146" ssid="1">Although our classifiers using automatically extracted features were generally robust, we expect that including additional classification techniques, subjects (especially ASD subjects without DLD), and features will further improve our results.</S>
    <S sid="147" ssid="2">In particular, we would like to explore semantic and lexical features that are less dependent on linear order and syntactic structure, such as Resnik similarity and features derived using latent semantic analysis.</S>
    <S sid="148" ssid="3">We also plan to expand the training input for the language model and parser to include children&#8217;s speech.</S>
    <S sid="149" ssid="4">The Switchboard corpus is conversational speech, but it may fail to adequately model many linguistic features characteristic of small children.</S>
    <S sid="150" ssid="5">The CHILDES database of children&#8217;s speech, although it is not large enough to be used on its own for our analysis and would require significant manual syntactic annotation, might provide enough data for us to adapt our models to the child language domain.</S>
    <S sid="151" ssid="6">Finally, we would like to investigate how informative the error types are and whether they can be reliably coded by multiple judges.</S>
    <S sid="152" ssid="7">When we examined the output of our error-type classifier, we noticed that many of the misclassified examples could be construed, upon closer inspection, as belonging to multiple error classes.</S>
    <S sid="153" ssid="8">The sentence He&#8217;s flying in a lily-pond, for instance, could contain a developmental error (i.e., the child has not yet acquired the correct meaning of in) or a semantic error (i.e., the child is using the word flying instead of swimming).</S>
    <S sid="154" ssid="9">Without knowing the context in which the sentence was uttered, it is not possible to determine the type of error through any manual or automatic means.</S>
    <S sid="155" ssid="10">The seemingly large number of misclassifications of sentences like this indicates the need for further investigation of the existing coding procedure and in-depth classification error analysis.</S>
  </SECTION>
  <SECTION title="8 Conclusions" number="8">
    <S sid="156" ssid="1">Our method of automatically identifying error type shows promise as a supplement to, or substitute for, the time-consuming and subjective manual coding process described in Volden and Lord (Volden and Lord, 1991).</S>
    <S sid="157" ssid="2">However, the superior performance of our automatically extracted language features suggests that perhaps it may not be the errors themselves that characterize the speech of children with ASD and DLD but rather a preference for certain structures and word sequences that sometimes manifest themselves as clear language errors.</S>
    <S sid="158" ssid="3">Such variations in complexity and likelihood might be too subtle for humans to reliably observe.</S>
    <S sid="159" ssid="4">In summary, the methods explored in this paper show potential for improving diagnostic discrimination between typically developing children and those with these neurodevelopmental disorders.</S>
    <S sid="160" ssid="5">Further research is required, however, in finding the most reliable markers that can be derived from such spoken language samples.</S>
  </SECTION>
  <SECTION title="Acknowledgments" number="9">
    <S sid="161" ssid="1">This work was supported in part by NSF Grant #BCS-0826654; an Innovative Technology for Autism grant from Autism Speaks; and NIH NIDCD grant #1R01DC007129-01.</S>
    <S sid="162" ssid="2">Any opinions, findings, conclusions or recommendations expressed in this publication are those of the authors and do not necessarily reflect the views of the NSF, Autism Speaks, or the NIH.</S>
    <S sid="163" ssid="3">Thanks to Meg Mitchell and Cheryl Greene for their assistance with this project.</S>
  </SECTION>
</PAPER>
